Activation Function,L2 Regularization,Dropout Rate,Validation Accuracy,test_acc
relu,0.001,0.3,0.748,0.745
relu,0.01,0.5,0.7392,0.7378375
sigmoid,0.001,0.3,0.7357875,0.735475
sigmoid,0.01,0.5,0.5752125,0.5027375
tanh,0.001,0.3,0.7422875,0.7415
tanh,0.01,0.5,0.738625,0.7338625
